,scenario,specie,mean_max_forcing,max_forcing_std,min_year,max_year,year_range,cv_at_maxforcing_year,cv_300,cv_350,cv_400
0,ssp119,Aerosol-cloud interactions,0.2940679670021591,0.30829716582419747,1998,2251,253,0.5730410091308169,0.4647866814789878,1.0758888471293817,1.765640629844124
1,ssp119,Aerosol-radiation interactions,0.012966757257464509,0.036588548173975985,1750,2300,550,0.09887995604192397,0.08301390404663472,0.6296428108010891,0.1092433635181149
2,ssp119,BC,0.0,0.0,1750,1750,0,0.0,0.0,0.0,0.0
3,ssp119,C2F6,0.0014369686685797496,0.00016132038778434674,2098,2098,0,0.343588362145652,0.061688667397703865,0.18618078680506947,0.26701487951877345
4,ssp119,C3F8,0.00022400971900859114,2.5148310835228837e-05,2085,2085,0,0.40923556966052715,0.0817963609990401,0.23632261982088576,0.3325931878266934
5,ssp119,C4F10,7.890976338545431e-05,8.858755175152274e-06,2076,2076,0,0.31558809607736144,0.05783486208093394,0.17732400078404573,0.25660771897184204
6,ssp119,C5F12,5.523530627224024e-05,6.20095707168888e-06,2073,2073,0,0.20955133715071564,0.034524665389698145,0.11210539519520625,0.1670546593536371
7,ssp119,C6F14,0.00016965236729076983,1.904591678183865e-05,2088,2088,0,0.4005108559549588,0.07867656309622542,0.2287544107122619,0.3227660483685713
8,ssp119,C7F16,9.389404961840515e-05,1.0540956686310086e-05,2090,2090,0,0.4416584304934147,0.09081218670271579,0.2565869235232152,0.35746266485080286
9,ssp119,C8F18,6.199738235057657e-05,6.96009730838078e-06,2081,2081,0,0.3334382134682227,0.061504804242736515,0.18660066080533938,0.2685995921730382
10,ssp119,CCl4,0.019015668383982852,0.00213478210399297,1990,1990,0,0.0,7.526341028272392e-17,8.272904832430365e-17,8.053145582781854e-17
11,ssp119,CF4,0.006716978922232564,0.0007540774327006165,2245,2245,0,0.24766656162350584,0.056419571322018996,0.14193125104854232,0.19499231676023812
12,ssp119,CFC-11,0.07557394884704917,0.008484262044801669,1992,1992,0,0.0,5.806018570662618e-17,6.479781546713589e-17,8.646484062792975e-17
13,ssp119,CFC-113,0.024052784198344324,0.0027002707567766056,1995,1995,0,0.0,8.204338106211561e-17,2.9354149016974754e-16,3.0984859237403874e-16
14,ssp119,CFC-114,0.0049643099672907285,0.0005573151499514357,2002,2002,0,0.0,6.338384530590578e-17,8.686620862550254e-17,6.176276915442428e-17
15,ssp119,CFC-115,0.002148931386479092,0.0002412484364961095,2051,2051,0,0.0,5.592716980303775e-17,6.698873772544981e-17,7.388853395086084e-17
16,ssp119,CFC-12,0.18540562129616614,0.020814445978461726,2002,2002,0,0.0,6.659269757128456e-17,5.880374492952639e-17,8.2055933804794e-17
17,ssp119,CH2Cl2,0.0012250109694932304,0.00013752508941899654,2021,2021,0,0.38389872114105633,0.777512303672731,1.3320756326982557,1.5436369024740912
18,ssp119,CH3Br,1.5586901448892426e-05,1.7498537310329466e-06,1997,1997,0,0.0,0.7233539254362776,1.4754943838999675,0.18478385689279841
19,ssp119,CH3CCl3,0.008197816150049176,0.0009203226968182977,1991,1991,0,0.0,6.502564145799687e-17,6.774921296633812e-17,7.74037239190936e-17
20,ssp119,CH3Cl,0.0005396346682760711,6.0581748128311195e-05,2021,2021,0,0.08361504003091867,0.54595390910643,0.9795117604931567,0.13998855451200673
21,ssp119,CHCl3,0.0007752820703135388,8.703655616155145e-05,1989,1989,0,0.0,0.3835924257557038,0.47524459277899694,3.300175163208149
22,ssp119,CO,0.0,0.0,1750,1750,0,0.0,0.0,0.0,0.0
23,ssp119,CO2,2.272364323873248,0.16996555094792112,2033,2042,9,0.6319576529614478,0.1434673039898951,0.4870963424257284,0.751141802130843
24,ssp119,CO2 AFOLU,0.0,0.0,1750,1750,0,0.0,0.0,0.0,0.0
25,ssp119,CO2 FFI,0.0,0.0,1750,1750,0,0.0,0.0,0.0,0.0
26,ssp119,Equivalent effective stratospheric chlorine,0.0,0.0,1750,1750,0,0.0,0.0,0.0,0.0
27,ssp119,HCFC-141b,0.004306220707359878,0.00048343517126429647,2026,2026,0,0.0,5.669169599226614e-17,7.365628045564499e-17,6.239280588402992e-17
28,ssp119,HCFC-142b,0.004153612002692433,0.00046630265059455114,2018,2018,0,0.0,8.561183113070764e-17,6.96202165637639e-17,6.697366561222416e-17
29,ssp119,HCFC-22,0.0518995217944262,0.005826467316071708,2021,2021,0,0.0,8.001795399251827e-17,7.94145829991107e-17,6.454513260029232e-17
30,ssp119,HFC-125,0.0162379877631356,0.0018229475284075288,2029,2029,0,0.942376709661283,0.5876708999941318,1.1783000405130095,1.3529011411104324
31,ssp119,HFC-134a,0.02098639789654449,0.0023560248186992824,2025,2025,0,0.5457124458893234,0.5791636662259385,1.3327158290078387,1.4042621275240919
32,ssp119,HFC-143a,0.00792194024130826,0.0008893516606700768,2030,2030,0,1.0142004047748017,0.5405472468088482,1.0709823047578995,1.2715623199561634
33,ssp119,HFC-152a,0.0008179252163807733,9.182386225272043e-05,2012,2012,0,0.026227217193929838,0.8021219731122352,1.4081270342616203,1.4072908998809783
34,ssp119,HFC-227ea,0.0005931977612127916,6.659497521698606e-05,2028,2028,0,0.6250305164207495,0.4795532321623411,1.0061807442893962,1.2611962018269567
35,ssp119,HFC-23,0.005211657321949867,0.0005850834458395304,2024,2024,0,0.0056674696032143835,0.017469666530554397,0.021290534336827975,0.021290534336827923
36,ssp119,HFC-236fa,0.00010349738157146856,1.1619068734655012e-05,2159,2159,0,1.1654313711774342,0.4599920957134742,0.9159467923106208,1.1050844445941355
37,ssp119,HFC-245fa,0.001104451269714346,0.00012399053021478198,2025,2025,0,0.8635455959291489,0.7256688103372942,1.3964224341358733,1.4071504135595911
38,ssp119,HFC-32,0.0015227214485239804,0.00017094736992854463,2018,2018,0,0.00453394507465858,0.5891359947161972,1.3802747214866014,1.3802747214866016
39,ssp119,HFC-365mfc,0.00032258729218451133,3.6215060361018285e-05,2024,2024,0,0.5119429649811074,0.6715491840540717,1.3888816228630463,1.407083300362965
40,ssp119,HFC-4310mee,0.0001165086028491816,1.3079765344096868e-05,2024,2024,0,0.1239363746608477,0.44914186057122163,1.2206439344024729,1.391880151248621
41,ssp119,Halon-1211,0.001242043940609872,0.00013943728525578678,2004,2004,0,0.0,8.875842837117787e-17,7.254485641063304e-17,6.410804765454803e-17
42,ssp119,Halon-1301,0.00094734718565953,0.00010635333859300722,2019,2019,0,0.0,8.888544493339063e-17,7.459481303948269e-17,6.612028101138418e-17
43,ssp119,Halon-2402,0.00014545958751105298,1.6329929508780982e-05,2001,2001,0,0.0,7.492205591671499e-17,8.335214427151005e-17,8.689413778572557e-17
44,ssp119,Land use,1.3702150130218551e-05,0.000397362353776338,1750,2047,297,0.12446305634100298,0.06304252276429549,0.16561983560026017,0.2425406883066503
45,ssp119,Light absorbing particles on snow and ice,0.11274940337365888,0.0702888633276026,2015,2251,236,0.05567808302505395,0.47394682426526774,1.1455578953052945,1.546973497133808
46,ssp119,NF3,0.0008202269849764255,9.208226886280149e-05,2163,2163,0,0.6191315075838775,0.21828520857440695,0.42418241962211223,0.5390101734775357
47,ssp119,NH3,0.0,0.0,1750,1750,0,0.0,0.0,0.0,0.0
48,ssp119,NOx,0.0,0.0,1750,1750,0,0.0,0.0,0.0,0.0
49,ssp119,Neg_allCH4,0.0819152593022694,0.007896601696777599,1787,1788,1,0.0,0.17706140726810068,0.5120296815084145,0.5903034874523422
50,ssp119,Neg_ariNH3,0.036266014440422385,0.0024474627523447504,2015,2015,0,0.1956090894452682,0.12593929678336982,0.20877465253580188,0.2259273338880749
51,ssp119,Neg_o3CO,0.024621100684439724,0.028582536289908814,1997,2250,253,0.11783236046863958,0.11724214932870095,0.24906238874455905,0.365852181849172
52,ssp119,Neg_o3N2O,0.029333432031590688,0.0027220216498446107,1851,1851,0,0.0,0.07224856913768316,0.1642271706220615,0.22540960690660156
53,ssp119,Neg_o3VOC,0.008554376563861031,0.009040950676590494,1997,2250,253,0.377041586529246,0.3219549771132706,0.5508374689521898,0.6257063445531661
54,ssp119,Neg_o3ariNOx,0.0032740466026350535,0.014195923778746658,1796,2011,215,0.03163237987028378,0.3274701595139103,0.527137393991208,0.5010068133979788
55,ssp119,OC,0.0,0.0,1750,1750,0,0.0,0.0,0.0,0.0
56,ssp119,SF6,0.010336881545817436,0.001160463534045091,2226,2226,0,0.5536410724357538,0.1615446661705055,0.34841537019945434,0.4588903509830249
57,ssp119,SO2F2,0.0006047885105726432,6.789620343603304e-05,2028,2028,0,0.1370817999603804,0.17098862840671236,0.4306376603111678,0.5718837263634252
58,ssp119,Solar,0.12279141800359498,0.037536098534167554,1811,1958,147,0.0,6.763619674403471e-17,7.15728252524637e-17,6.763777143869646e-17
59,ssp119,Sulfur,0.0,0.0,1750,1750,0,0.0,0.0,0.0,0.0
60,ssp119,VOC,0.0,0.0,1750,1750,0,0.0,0.0,0.0,0.0
61,ssp119,Volcanic,0.19246430906353895,0.02870955362407856,1900,1900,0,0.0,0.0,0.0,0.0
62,ssp119,allCH4,0.9205515081696919,0.0890588047548138,2020,2024,4,0.24542295669132422,0.17706140726810068,0.5120296815084145,0.5903034874523422
63,ssp119,ariNH3,6.725174798021247e-05,4.53857835638498e-06,1752,1752,0,0.0,0.12593929678336982,0.20877465253580188,0.2259273338880749
64,ssp119,c-C4F8,0.0007391582231641746,8.29811350811756e-05,2214,2214,0,0.31097463511737916,0.08105456802253662,0.18926480204703713,0.2516008558155492
65,ssp119,o3CO,0.0417028413283387,0.04471485077883294,1997,2250,253,0.029445143784349846,0.11724214932870095,0.24906238874455905,0.365852181849172
66,ssp119,o3N2O,0.40390969629540563,0.03832237234434905,2205,2207,2,0.29564834417422736,0.07224856913768316,0.1642271706220615,0.22540960690660156
67,ssp119,o3VOC,0.056341902887728626,0.04211982084785185,1997,2250,253,0.0022246970105347583,0.3219549771132706,0.5508374689521898,0.6257063445531661
68,ssp119,o3ariNOx,0.17308017408103238,0.10040341940837054,1796,2011,215,0.03711743329192035,0.3274701595139103,0.527137393991208,0.5010068133979788
69,ssp126,Aerosol-cloud interactions,0.2915738860400551,0.30580855922736583,1998,2251,253,0.5730410091308169,0.4647866814789878,1.0758888471293817,1.765640629844124
70,ssp126,Aerosol-radiation interactions,0.012958795721697086,0.03658701523148134,1750,2300,550,0.09887995604192397,0.08301390404663472,0.6296428108010891,0.1092433635181149
71,ssp126,BC,0.0,0.0,1750,1750,0,0.0,0.0,0.0,0.0
72,ssp126,C2F6,0.0014814015637998545,0.0001663086189434666,2098,2098,0,0.343588362145652,0.061688667397703865,0.18618078680506947,0.26701487951877345
73,ssp126,C3F8,0.0002335390332203299,2.6218113328192004e-05,2083,2083,0,0.40923556966052715,0.0817963609990401,0.23632261982088576,0.3325931878266934
74,ssp126,C4F10,8.120788978949924e-05,9.116752896873236e-06,2074,2074,0,0.31558809607736144,0.05783486208093394,0.17732400078404573,0.25660771897184204
75,ssp126,C5F12,5.616360256080208e-05,6.305171673248413e-06,2071,2071,0,0.20955133715071564,0.034524665389698145,0.11210539519520625,0.1670546593536371
76,ssp126,C6F14,0.0001765474097665377,1.9819984407877992e-05,2086,2086,0,0.4005108559549588,0.07867656309622542,0.2287544107122619,0.3227660483685713
77,ssp126,C7F16,9.838512496376597e-05,1.1045144447758207e-05,2088,2088,0,0.4416584304934147,0.09081218670271579,0.2565869235232152,0.35746266485080286
78,ssp126,C8F18,6.392125853936643e-05,7.17608006403223e-06,2079,2079,0,0.3334382134682227,0.061504804242736515,0.18660066080533938,0.2685995921730382
79,ssp126,CCl4,0.019015668383982852,0.00213478210399297,1990,1990,0,0.0,7.526341028272392e-17,8.272904832430365e-17,8.053145582781854e-17
80,ssp126,CF4,0.006950427657201666,0.0007802854087521762,2245,2245,0,0.24766656162350584,0.056419571322018996,0.14193125104854232,0.19499231676023812
81,ssp126,CFC-11,0.07557394884704917,0.008484262044801669,1992,1992,0,0.0,5.806018570662618e-17,6.479781546713589e-17,8.646484062792975e-17
82,ssp126,CFC-113,0.024052784198344324,0.0027002707567766056,1995,1995,0,0.0,8.204338106211561e-17,2.9354149016974754e-16,3.0984859237403874e-16
83,ssp126,CFC-114,0.0049643099672907285,0.0005573151499514357,2002,2002,0,0.0,6.338384530590578e-17,8.686620862550254e-17,6.176276915442428e-17
84,ssp126,CFC-115,0.002148931386479092,0.0002412484364961095,2051,2051,0,0.0,5.592716980303775e-17,6.698873772544981e-17,7.388853395086084e-17
85,ssp126,CFC-12,0.18540562129616614,0.020814445978461726,2002,2002,0,0.0,6.659269757128456e-17,5.880374492952639e-17,8.2055933804794e-17
86,ssp126,CH2Cl2,0.0012060635906610254,0.00013539797379877276,2021,2021,0,0.38389872114105633,0.777512303672731,1.3320756326982557,1.5436369024740912
87,ssp126,CH3Br,1.5586901448892426e-05,1.7498537310329466e-06,1997,1997,0,0.0,0.7233539254362776,1.4754943838999675,0.18478385689279841
88,ssp126,CH3CCl3,0.008197816150049176,0.0009203226968182977,1991,1991,0,0.0,6.502564145799687e-17,6.774921296633812e-17,7.74037239190936e-17
89,ssp126,CH3Cl,0.0005456785069342634,6.126025589077288e-05,2021,2021,0,0.08361504003091867,0.54595390910643,0.9795117604931567,0.13998855451200673
90,ssp126,CHCl3,0.0007752820703135388,8.703655616155145e-05,1989,1989,0,0.0,0.3835924257557038,0.47524459277899694,3.300175163208149
91,ssp126,CO,0.0,0.0,1750,1750,0,0.0,0.0,0.0,0.0
92,ssp126,CO2,2.586845826299883,0.20340498629294687,2047,2067,20,0.6319576529614478,0.1434673039898951,0.4870963424257284,0.751141802130843
93,ssp126,CO2 AFOLU,0.0,0.0,1750,1750,0,0.0,0.0,0.0,0.0
94,ssp126,CO2 FFI,0.0,0.0,1750,1750,0,0.0,0.0,0.0,0.0
95,ssp126,Equivalent effective stratospheric chlorine,0.0,0.0,1750,1750,0,0.0,0.0,0.0,0.0
96,ssp126,HCFC-141b,0.004306220707359878,0.00048343517126429647,2026,2026,0,0.0,5.669169599226614e-17,7.365628045564499e-17,6.239280588402992e-17
97,ssp126,HCFC-142b,0.004153612002692433,0.00046630265059455114,2018,2018,0,0.0,8.561183113070764e-17,6.96202165637639e-17,6.697366561222416e-17
98,ssp126,HCFC-22,0.0518995217944262,0.005826467316071708,2021,2021,0,0.0,8.001795399251827e-17,7.94145829991107e-17,6.454513260029232e-17
99,ssp126,HFC-125,0.026047494400687224,0.002924205648605106,2037,2037,0,0.942376709661283,0.5876708999941318,1.1783000405130095,1.3529011411104324
100,ssp126,HFC-134a,0.022462343475227346,0.0025217209248899913,2029,2029,0,0.5457124458893234,0.5791636662259385,1.3327158290078387,1.4042621275240919
101,ssp126,HFC-143a,0.012253859176089467,0.0013756718273442428,2039,2039,0,1.0142004047748017,0.5405472468088482,1.0709823047578995,1.2715623199561634
102,ssp126,HFC-152a,0.0008179252163807733,9.182386225272043e-05,2012,2012,0,0.026227217193929838,0.8021219731122352,1.4081270342616203,1.4072908998809783
103,ssp126,HFC-227ea,0.0007521118381036655,8.44353645511286e-05,2036,2036,0,0.6250305164207495,0.4795532321623411,1.0061807442893962,1.2611962018269567
104,ssp126,HFC-23,0.005211406394049452,0.0005850552755759153,2025,2025,0,0.0056674696032143835,0.017469666530554397,0.021290534336827975,0.021290534336827923
105,ssp126,HFC-236fa,0.00012412238848247894,1.3934522220657289e-05,2141,2141,0,1.1654313711774342,0.4599920957134742,0.9159467923106208,1.1050844445941355
106,ssp126,HFC-245fa,0.001445421580509123,0.00016226934864909632,2032,2032,0,0.8635455959291489,0.7256688103372942,1.3964224341358733,1.4071504135595911
107,ssp126,HFC-32,0.0015220335126386836,0.00017087013923714996,2018,2018,0,0.00453394507465858,0.5891359947161972,1.3802747214866014,1.3802747214866016
108,ssp126,HFC-365mfc,0.00034005508120887813,3.81760707579472e-05,2027,2027,0,0.5119429649811074,0.6715491840540717,1.3888816228630463,1.407083300362965
109,ssp126,HFC-4310mee,0.00011862967342491614,1.3317886004120466e-05,2026,2026,0,0.1239363746608477,0.44914186057122163,1.2206439344024729,1.391880151248621
110,ssp126,Halon-1211,0.001242043940609872,0.00013943728525578678,2004,2004,0,0.0,8.875842837117787e-17,7.254485641063304e-17,6.410804765454803e-17
111,ssp126,Halon-1301,0.00094734718565953,0.00010635333859300722,2019,2019,0,0.0,8.888544493339063e-17,7.459481303948269e-17,6.612028101138418e-17
112,ssp126,Halon-2402,0.00014545958751105298,1.6329929508780982e-05,2001,2001,0,0.0,7.492205591671499e-17,8.335214427151005e-17,8.689413778572557e-17
113,ssp126,Land use,1.344359078760672e-05,0.00038986413284059504,1750,2034,284,0.12446305634100298,0.06304252276429549,0.16561983560026017,0.2425406883066503
114,ssp126,Light absorbing particles on snow and ice,0.11274797222067769,0.07029107873446726,2015,2251,236,0.05567808302505395,0.47394682426526774,1.1455578953052945,1.546973497133808
115,ssp126,NF3,0.0008317105952858586,9.337146918344116e-05,2162,2162,0,0.6191315075838775,0.21828520857440695,0.42418241962211223,0.5390101734775357
116,ssp126,NH3,0.0,0.0,1750,1750,0,0.0,0.0,0.0,0.0
117,ssp126,NOx,0.0,0.0,1750,1750,0,0.0,0.0,0.0,0.0
118,ssp126,Neg_allCH4,0.0819152593022694,0.007896601696777599,1787,1788,1,0.0,0.17706140726810068,0.5120296815084145,0.5903034874523422
119,ssp126,Neg_ariNH3,0.036266014440422385,0.0024474627523447504,2015,2015,0,0.1956090894452682,0.12593929678336982,0.20877465253580188,0.2259273338880749
120,ssp126,Neg_o3CO,0.0245538800403286,0.028602056286683195,1997,2250,253,0.11783236046863958,0.11724214932870095,0.24906238874455905,0.365852181849172
121,ssp126,Neg_o3N2O,0.029333432031590688,0.0027220216498446107,1851,1851,0,0.0,0.07224856913768316,0.1642271706220615,0.22540960690660156
122,ssp126,Neg_o3VOC,0.008471491287761406,0.009036159344957818,1997,2250,253,0.377041586529246,0.3219549771132706,0.5508374689521898,0.6257063445531661
123,ssp126,Neg_o3ariNOx,0.0032740466026350535,0.014195923778746658,1796,2011,215,0.03163237987028378,0.3274701595139103,0.527137393991208,0.5010068133979788
124,ssp126,OC,0.0,0.0,1750,1750,0,0.0,0.0,0.0,0.0
125,ssp126,SF6,0.010447174283995464,0.0011728454792341,2226,2226,0,0.5536410724357538,0.1615446661705055,0.34841537019945434,0.4588903509830249
126,ssp126,SO2F2,0.0006482862146363677,7.27794459455752e-05,2033,2033,0,0.1370817999603804,0.17098862840671236,0.4306376603111678,0.5718837263634252
127,ssp126,Solar,0.12279141800359498,0.037536098534167554,1811,1958,147,0.0,6.763619674403471e-17,7.15728252524637e-17,6.763777143869646e-17
128,ssp126,Sulfur,0.0,0.0,1750,1750,0,0.0,0.0,0.0,0.0
129,ssp126,VOC,0.0,0.0,1750,1750,0,0.0,0.0,0.0,0.0
130,ssp126,Volcanic,0.19246430906353895,0.02870955362407856,1900,1900,0,0.0,0.0,0.0,0.0
131,ssp126,allCH4,0.9158013006107227,0.08860105181312829,2018,2020,2,0.24542295669132422,0.17706140726810068,0.5120296815084145,0.5903034874523422
132,ssp126,ariNH3,6.725174798021247e-05,4.53857835638498e-06,1752,1752,0,0.0,0.12593929678336982,0.20877465253580188,0.2259273338880749
133,ssp126,c-C4F8,0.0007753169564047708,8.704047262673886e-05,2213,2213,0,0.31097463511737916,0.08105456802253662,0.18926480204703713,0.2516008558155492
134,ssp126,o3CO,0.04167148689042396,0.04473539726661817,1997,2250,253,0.029445143784349846,0.11724214932870095,0.24906238874455905,0.365852181849172
135,ssp126,o3N2O,0.4035122394824921,0.03833011861013724,2206,2208,2,0.29564834417422736,0.07224856913768316,0.1642271706220615,0.22540960690660156
136,ssp126,o3VOC,0.05633780391952185,0.04212494201600428,1997,2250,253,0.0022246970105347583,0.3219549771132706,0.5508374689521898,0.6257063445531661
137,ssp126,o3ariNOx,0.17308017408103238,0.10040341940837054,1796,2011,215,0.03711743329192035,0.3274701595139103,0.527137393991208,0.5010068133979788
138,ssp245,Aerosol-cloud interactions,0.21305762073342435,0.21072743526680743,1998,2251,253,0.5730410091308169,0.4647866814789878,1.0758888471293817,1.765640629844124
139,ssp245,Aerosol-radiation interactions,0.012108164154143872,0.036677117501003,1750,2300,550,0.09887995604192397,0.08301390404663472,0.6296428108010891,0.1092433635181149
140,ssp245,BC,0.0,0.0,1750,1750,0,0.0,0.0,0.0,0.0
141,ssp245,C2F6,0.002442910079062386,0.0002742517703368852,2243,2243,0,0.343588362145652,0.061688667397703865,0.18618078680506947,0.26701487951877345
142,ssp245,C3F8,0.0004253634227911716,4.7753158307738326e-05,2228,2228,0,0.40923556966052715,0.0817963609990401,0.23632261982088576,0.3325931878266934
143,ssp245,C4F10,0.00012577379427516303,1.411991625790405e-05,2223,2223,0,0.31558809607736144,0.05783486208093394,0.17732400078404573,0.25660771897184204
144,ssp245,C5F12,7.412726379026741e-05,8.321850852779982e-06,2224,2224,0,0.20955133715071564,0.034524665389698145,0.11210539519520625,0.1670546593536371
145,ssp245,C6F14,0.0003175010563376009,3.564405727853827e-05,2231,2231,0,0.4005108559549588,0.07867656309622542,0.2287544107122619,0.3227660483685713
146,ssp245,C7F16,0.00019078350690893516,2.1418190939282066e-05,2232,2232,0,0.4416584304934147,0.09081218670271579,0.2565869235232152,0.35746266485080286
147,ssp245,C8F18,0.00010226046120684448,1.1480206644449018e-05,2227,2227,0,0.3334382134682227,0.061504804242736515,0.18660066080533938,0.2685995921730382
148,ssp245,CCl4,0.019015668383982852,0.00213478210399297,1990,1990,0,0.0,7.526341028272392e-17,8.272904832430365e-17,8.053145582781854e-17
149,ssp245,CF4,0.010075815786253979,0.001131155150020534,2249,2249,0,0.24766656162350584,0.056419571322018996,0.14193125104854232,0.19499231676023812
150,ssp245,CFC-11,0.07557394884704917,0.008484262044801669,1992,1992,0,0.0,5.806018570662618e-17,6.479781546713589e-17,8.646484062792975e-17
151,ssp245,CFC-113,0.024052784198344324,0.0027002707567766056,1995,1995,0,0.0,8.204338106211561e-17,2.9354149016974754e-16,3.0984859237403874e-16
152,ssp245,CFC-114,0.0049643099672907285,0.0005573151499514357,2002,2002,0,0.0,6.338384530590578e-17,8.686620862550254e-17,6.176276915442428e-17
153,ssp245,CFC-115,0.002148931386479092,0.0002412484364961095,2051,2051,0,0.0,5.592716980303775e-17,6.698873772544981e-17,7.388853395086084e-17
154,ssp245,CFC-12,0.18540562129616614,0.020814445978461726,2002,2002,0,0.0,6.659269757128456e-17,5.880374492952639e-17,8.2055933804794e-17
155,ssp245,CH2Cl2,0.0013067325167287302,0.00014669950774740562,2021,2021,0,0.38389872114105633,0.777512303672731,1.3320756326982557,1.5436369024740912
156,ssp245,CH3Br,1.5586901448892426e-05,1.7498537310329466e-06,1997,1997,0,0.0,0.7233539254362776,1.4754943838999675,0.18478385689279841
157,ssp245,CH3CCl3,0.008197816150049176,0.0009203226968182977,1991,1991,0,0.0,6.502564145799687e-17,6.774921296633812e-17,7.74037239190936e-17
158,ssp245,CH3Cl,0.0004660468057672029,5.2320452822627967e-05,2019,2019,0,0.08361504003091867,0.54595390910643,0.9795117604931567,0.13998855451200673
159,ssp245,CHCl3,0.0007752820703135388,8.703655616155145e-05,1989,1989,0,0.0,0.3835924257557038,0.47524459277899694,3.300175163208149
160,ssp245,CO,0.0,0.0,1750,1750,0,0.0,0.0,0.0,0.0
161,ssp245,CO2,3.7004815023903292,0.41259372994929183,2075,2226,151,0.6319576529614478,0.1434673039898951,0.4870963424257284,0.751141802130843
162,ssp245,CO2 AFOLU,0.0,0.0,1750,1750,0,0.0,0.0,0.0,0.0
163,ssp245,CO2 FFI,0.0,0.0,1750,1750,0,0.0,0.0,0.0,0.0
164,ssp245,Equivalent effective stratospheric chlorine,0.0,0.0,1750,1750,0,0.0,0.0,0.0,0.0
165,ssp245,HCFC-141b,0.004306220707359878,0.00048343517126429647,2026,2026,0,0.0,5.669169599226614e-17,7.365628045564499e-17,6.239280588402992e-17
166,ssp245,HCFC-142b,0.004153612002692433,0.00046630265059455114,2018,2018,0,0.0,8.561183113070764e-17,6.96202165637639e-17,6.697366561222416e-17
167,ssp245,HCFC-22,0.0518995217944262,0.005826467316071708,2021,2021,0,0.0,8.001795399251827e-17,7.94145829991107e-17,6.454513260029232e-17
168,ssp245,HFC-125,0.0662725491467764,0.007440046231753876,2106,2106,0,0.942376709661283,0.5876708999941318,1.1783000405130095,1.3529011411104324
169,ssp245,HFC-134a,0.025538181771664517,0.0028670279852266744,2034,2034,0,0.5457124458893234,0.5791636662259385,1.3327158290078387,1.4042621275240919
170,ssp245,HFC-143a,0.03999499874238214,0.0044900134899479,2123,2123,0,1.0142004047748017,0.5405472468088482,1.0709823047578995,1.2715623199561634
171,ssp245,HFC-152a,0.0008618030672818469,9.674978170891923e-05,2021,2021,0,0.026227217193929838,0.8021219731122352,1.4081270342616203,1.4072908998809783
172,ssp245,HFC-227ea,0.0010746944922584612,0.00012064990422664509,2062,2062,0,0.6250305164207495,0.4795532321623411,1.0061807442893962,1.2611962018269567
173,ssp245,HFC-23,0.005231331818944049,0.0005872921909249056,2025,2025,0,0.0056674696032143835,0.017469666530554397,0.021290534336827975,0.021290534336827923
174,ssp245,HFC-236fa,0.0006165006549881252,6.92110599949859e-05,2185,2185,0,1.1654313711774342,0.4599920957134742,0.9159467923106208,1.1050844445941355
175,ssp245,HFC-245fa,0.0026462864992661023,0.00029708369680183895,2098,2098,0,0.8635455959291489,0.7256688103372942,1.3964224341358733,1.4071504135595911
176,ssp245,HFC-32,0.001525683081429079,0.00017127985579213514,2018,2018,0,0.00453394507465858,0.5891359947161972,1.3802747214866014,1.3802747214866016
177,ssp245,HFC-365mfc,0.00038267199572893383,4.29604319808977e-05,2030,2030,0,0.5119429649811074,0.6715491840540717,1.3888816228630463,1.407083300362965
178,ssp245,HFC-4310mee,0.00012572705851657376,1.4114669497230782e-05,2028,2028,0,0.1239363746608477,0.44914186057122163,1.2206439344024729,1.391880151248621
179,ssp245,Halon-1211,0.001242043940609872,0.00013943728525578678,2004,2004,0,0.0,8.875842837117787e-17,7.254485641063304e-17,6.410804765454803e-17
180,ssp245,Halon-1301,0.00094734718565953,0.00010635333859300722,2019,2019,0,0.0,8.888544493339063e-17,7.459481303948269e-17,6.612028101138418e-17
181,ssp245,Halon-2402,0.00014545958751105298,1.6329929508780982e-05,2001,2001,0,0.0,7.492205591671499e-17,8.335214427151005e-17,8.689413778572557e-17
182,ssp245,Land use,1.4439811344234387e-05,0.00041875452898279753,1750,2053,303,0.12446305634100298,0.06304252276429549,0.16561983560026017,0.2425406883066503
183,ssp245,Light absorbing particles on snow and ice,0.11273383311098939,0.07031300008759848,2015,2251,236,0.05567808302505395,0.47394682426526774,1.1455578953052945,1.546973497133808
184,ssp245,NF3,0.000851832030941318,9.563038955776264e-05,2148,2148,0,0.6191315075838775,0.21828520857440695,0.42418241962211223,0.5390101734775357
185,ssp245,NH3,0.0,0.0,1750,1750,0,0.0,0.0,0.0,0.0
186,ssp245,NOx,0.0,0.0,1750,1750,0,0.0,0.0,0.0,0.0
187,ssp245,Neg_allCH4,0.0819152593022694,0.007896601696777599,1787,1788,1,0.0,0.17706140726810068,0.5120296815084145,0.5903034874523422
188,ssp245,Neg_ariNH3,0.04294815606301836,0.002898416433898672,2050,2050,0,0.1956090894452682,0.12593929678336982,0.20877465253580188,0.2259273338880749
189,ssp245,Neg_o3CO,0.023779295243609173,0.02884277482741723,1997,2250,253,0.11783236046863958,0.11724214932870095,0.24906238874455905,0.365852181849172
190,ssp245,Neg_o3N2O,0.029333432031590688,0.0027220216498446107,1851,1851,0,0.0,0.07224856913768316,0.1642271706220615,0.22540960690660156
191,ssp245,Neg_o3VOC,0.00818176166742775,0.00902282846665151,1997,2250,253,0.377041586529246,0.3219549771132706,0.5508374689521898,0.6257063445531661
192,ssp245,Neg_o3ariNOx,0.0032740466026350535,0.014195923778746658,1796,2011,215,0.03163237987028378,0.3274701595139103,0.527137393991208,0.5010068133979788
193,ssp245,OC,0.0,0.0,1750,1750,0,0.0,0.0,0.0,0.0
194,ssp245,SF6,0.010588095765992627,0.0011886659411690123,2222,2222,0,0.5536410724357538,0.1615446661705055,0.34841537019945434,0.4588903509830249
195,ssp245,SO2F2,0.0008062519274282898,9.051336777799089e-05,2057,2057,0,0.1370817999603804,0.17098862840671236,0.4306376603111678,0.5718837263634252
196,ssp245,Solar,0.12279141800359498,0.037536098534167554,1811,1958,147,0.0,6.763619674403471e-17,7.15728252524637e-17,6.763777143869646e-17
197,ssp245,Sulfur,0.0,0.0,1750,1750,0,0.0,0.0,0.0,0.0
198,ssp245,VOC,0.0,0.0,1750,1750,0,0.0,0.0,0.0,0.0
199,ssp245,Volcanic,0.19246430906353895,0.02870955362407856,1900,1900,0,0.0,0.0,0.0,0.0
200,ssp245,allCH4,1.0299638075661086,0.09927067188088454,2043,2052,9,0.24542295669132422,0.17706140726810068,0.5120296815084145,0.5903034874523422
201,ssp245,ariNH3,6.725174798021247e-05,4.53857835638498e-06,1752,1752,0,0.0,0.12593929678336982,0.20877465253580188,0.2259273338880749
202,ssp245,c-C4F8,0.001261646404989405,0.00014163794364478326,2233,2233,0,0.31097463511737916,0.08105456802253662,0.18926480204703713,0.2516008558155492
203,ssp245,o3CO,0.04131018908913694,0.0449762920788272,1997,2250,253,0.029445143784349846,0.11724214932870095,0.24906238874455905,0.365852181849172
204,ssp245,o3N2O,0.449330005785168,0.0431914531420075,2149,2156,7,0.29564834417422736,0.07224856913768316,0.1642271706220615,0.22540960690660156
205,ssp245,o3VOC,0.05632347577152992,0.042142876997635886,1997,2250,253,0.0022246970105347583,0.3219549771132706,0.5508374689521898,0.6257063445531661
206,ssp245,o3ariNOx,0.17308017408103238,0.10040341940837054,1796,2011,215,0.03711743329192035,0.3274701595139103,0.527137393991208,0.5010068133979788
207,ssp370,Aerosol-cloud interactions,0.06836144279798541,0.07240361344462067,1750,2251,501,0.5730410091308169,0.4647866814789878,1.0758888471293817,1.765640629844124
208,ssp370,Aerosol-radiation interactions,0.015681694957617356,0.04513181556783408,1750,2041,291,0.09887995604192397,0.08301390404663472,0.6296428108010891,0.1092433635181149
209,ssp370,BC,0.0,0.0,1750,1750,0,0.0,0.0,0.0,0.0
210,ssp370,C2F6,0.0019087096046586029,0.00021428008858089039,2236,2236,0,0.343588362145652,0.061688667397703865,0.18618078680506947,0.26701487951877345
211,ssp370,C3F8,0.00031510759865956383,3.537535725103665e-05,2208,2208,0,0.40923556966052715,0.0817963609990401,0.23632261982088576,0.3325931878266934
212,ssp370,C4F10,9.955610700470377e-05,1.1176604013344501e-05,2194,2194,0,0.31558809607736144,0.05783486208093394,0.17732400078404573,0.25660771897184204
213,ssp370,C5F12,6.349385439091248e-05,7.1280978049358135e-06,2193,2193,0,0.20955133715071564,0.034524665389698145,0.11210539519520625,0.1670546593536371
214,ssp370,C6F14,0.00023694386502009994,2.660035463817289e-05,2213,2213,0,0.4005108559549588,0.07867656309622542,0.2287544107122619,0.3227660483685713
215,ssp370,C7F16,0.00013825249440335585,1.5520829713946404e-05,2216,2216,0,0.4416584304934147,0.09081218670271579,0.2565869235232152,0.35746266485080286
216,ssp370,C8F18,8.000850698051428e-05,8.982104936845984e-06,2203,2203,0,0.3334382134682227,0.061504804242736515,0.18660066080533938,0.2685995921730382
217,ssp370,CCl4,0.019015668383982852,0.00213478210399297,1990,1990,0,0.0,7.526341028272392e-17,8.272904832430365e-17,8.053145582781854e-17
218,ssp370,CF4,0.011682895243785997,0.001311572919007495,2249,2249,0,0.24766656162350584,0.056419571322018996,0.14193125104854232,0.19499231676023812
219,ssp370,CFC-11,0.07557394884704917,0.008484262044801669,1992,1992,0,0.0,5.806018570662618e-17,6.479781546713589e-17,8.646484062792975e-17
220,ssp370,CFC-113,0.024052784198344324,0.0027002707567766056,1995,1995,0,0.0,8.204338106211561e-17,2.9354149016974754e-16,3.0984859237403874e-16
221,ssp370,CFC-114,0.0049643099672907285,0.0005573151499514357,2002,2002,0,0.0,6.338384530590578e-17,8.686620862550254e-17,6.176276915442428e-17
222,ssp370,CFC-115,0.002148931386479092,0.0002412484364961095,2051,2051,0,0.0,5.592716980303775e-17,6.698873772544981e-17,7.388853395086084e-17
223,ssp370,CFC-12,0.18540562129616614,0.020814445978461726,2002,2002,0,0.0,6.659269757128456e-17,5.880374492952639e-17,8.2055933804794e-17
224,ssp370,CH2Cl2,0.0013792494713891997,0.00015484057825406396,2101,2101,0,0.38389872114105633,0.777512303672731,1.3320756326982557,1.5436369024740912
225,ssp370,CH3Br,1.5586901448892426e-05,1.7498537310329466e-06,1997,1997,0,0.0,0.7233539254362776,1.4754943838999675,0.18478385689279841
226,ssp370,CH3CCl3,0.008197816150049176,0.0009203226968182977,1991,1991,0,0.0,6.502564145799687e-17,6.774921296633812e-17,7.74037239190936e-17
227,ssp370,CH3Cl,0.0005515725950903669,6.192195200688762e-05,2021,2021,0,0.08361504003091867,0.54595390910643,0.9795117604931567,0.13998855451200673
228,ssp370,CHCl3,0.0007752820703135388,8.703655616155145e-05,1989,1989,0,0.0,0.3835924257557038,0.47524459277899694,3.300175163208149
229,ssp370,CO,0.0,0.0,1750,1750,0,0.0,0.0,0.0,0.0
230,ssp370,CO2,7.896171405153872,1.468143741328772,2129,2250,121,0.6319576529614478,0.1434673039898951,0.4870963424257284,0.751141802130843
231,ssp370,CO2 AFOLU,0.0,0.0,1750,1750,0,0.0,0.0,0.0,0.0
232,ssp370,CO2 FFI,0.0,0.0,1750,1750,0,0.0,0.0,0.0,0.0
233,ssp370,Equivalent effective stratospheric chlorine,0.0,0.0,1750,1750,0,0.0,0.0,0.0,0.0
234,ssp370,HCFC-141b,0.004306220707359878,0.00048343517126429647,2026,2026,0,0.0,5.669169599226614e-17,7.365628045564499e-17,6.239280588402992e-17
235,ssp370,HCFC-142b,0.004153612002692433,0.00046630265059455114,2018,2018,0,0.0,8.561183113070764e-17,6.96202165637639e-17,6.697366561222416e-17
236,ssp370,HCFC-22,0.0518995217944262,0.005826467316071708,2021,2021,0,0.0,8.001795399251827e-17,7.94145829991107e-17,6.454513260029232e-17
237,ssp370,HFC-125,0.10911767103003937,0.012250027011437086,2120,2120,0,0.942376709661283,0.5876708999941318,1.1783000405130095,1.3529011411104324
238,ssp370,HFC-134a,0.03379195631087328,0.0037936328155642315,2111,2111,0,0.5457124458893234,0.5791636662259385,1.3327158290078387,1.4042621275240919
239,ssp370,HFC-143a,0.06568754191662661,0.007374370761377962,2136,2136,0,1.0142004047748017,0.5405472468088482,1.0709823047578995,1.2715623199561634
240,ssp370,HFC-152a,0.0008179252163807733,9.182386225272043e-05,2012,2012,0,0.026227217193929838,0.8021219731122352,1.4081270342616203,1.4072908998809783
241,ssp370,HFC-227ea,0.0014026912989382385,0.0001574722603451721,2104,2104,0,0.6250305164207495,0.4795532321623411,1.0061807442893962,1.2611962018269567
242,ssp370,HFC-23,0.005203432261878089,0.0005841600646208987,2024,2024,0,0.0056674696032143835,0.017469666530554397,0.021290534336827975,0.021290534336827923
243,ssp370,HFC-236fa,0.0010038829241302125,0.00011270028787115617,2192,2192,0,1.1654313711774342,0.4599920957134742,0.9159467923106208,1.1050844445941355
244,ssp370,HFC-245fa,0.00459859079486356,0.0005162579160630774,2107,2107,0,0.8635455959291489,0.7256688103372942,1.3964224341358733,1.4071504135595911
245,ssp370,HFC-32,0.0015200279727763564,0.00017064498856032457,2018,2018,0,0.00453394507465858,0.5891359947161972,1.3802747214866014,1.3802747214866016
246,ssp370,HFC-365mfc,0.00047695347145433365,5.354488281651303e-05,2108,2108,0,0.5119429649811074,0.6715491840540717,1.3888816228630463,1.407083300362965
247,ssp370,HFC-4310mee,0.0001181538186486818,1.3264464465634855e-05,2027,2027,0,0.1239363746608477,0.44914186057122163,1.2206439344024729,1.391880151248621
248,ssp370,Halon-1211,0.001242043940609872,0.00013943728525578678,2004,2004,0,0.0,8.875842837117787e-17,7.254485641063304e-17,6.410804765454803e-17
249,ssp370,Halon-1301,0.00094734718565953,0.00010635333859300722,2019,2019,0,0.0,8.888544493339063e-17,7.459481303948269e-17,6.612028101138418e-17
250,ssp370,Halon-2402,0.00014545958751105298,1.6329929508780982e-05,2001,2001,0,0.0,7.492205591671499e-17,8.335214427151005e-17,8.689413778572557e-17
251,ssp370,Land use,1.899990671952071e-05,0.0005509972948661006,1750,2150,400,0.12446305634100298,0.06304252276429549,0.16561983560026017,0.2425406883066503
252,ssp370,Light absorbing particles on snow and ice,0.13123773810094444,0.0820717096227852,2041,2251,210,0.05567808302505395,0.47394682426526774,1.1455578953052945,1.546973497133808
253,ssp370,NF3,0.003403039809394476,0.00038204013330344824,2216,2216,0,0.6191315075838775,0.21828520857440695,0.42418241962211223,0.5390101734775357
254,ssp370,NH3,0.0,0.0,1750,1750,0,0.0,0.0,0.0,0.0
255,ssp370,NOx,0.0,0.0,1750,1750,0,0.0,0.0,0.0,0.0
256,ssp370,Neg_allCH4,0.0819152593022694,0.007896601696777599,1787,1788,1,0.0,0.17706140726810068,0.5120296815084145,0.5903034874523422
257,ssp370,Neg_ariNH3,0.05057843052353471,0.0034133561872856876,2100,2100,0,0.1956090894452682,0.12593929678336982,0.20877465253580188,0.2259273338880749
258,ssp370,Neg_o3CO,0.018743302811086906,0.031066701119412163,1997,2250,253,0.11783236046863958,0.11724214932870095,0.24906238874455905,0.365852181849172
259,ssp370,Neg_o3N2O,0.029333432031590688,0.0027220216498446107,1851,1851,0,0.0,0.07224856913768316,0.1642271706220615,0.22540960690660156
260,ssp370,Neg_o3VOC,0.004744756237347113,0.009268977973333627,1997,2250,253,0.377041586529246,0.3219549771132706,0.5508374689521898,0.6257063445531661
261,ssp370,Neg_o3ariNOx,0.0034944030180682484,0.015328909724265009,1796,2040,244,0.03163237987028378,0.3274701595139103,0.527137393991208,0.5010068133979788
262,ssp370,OC,0.0,0.0,1750,1750,0,0.0,0.0,0.0,0.0
263,ssp370,SF6,0.03494563437338835,0.003923149760848202,2243,2243,0,0.5536410724357538,0.1615446661705055,0.34841537019945434,0.4588903509830249
264,ssp370,SO2F2,0.0007573544212835902,8.502391986904864e-05,2051,2051,0,0.1370817999603804,0.17098862840671236,0.4306376603111678,0.5718837263634252
265,ssp370,Solar,0.12279141800359498,0.037536098534167554,1811,1958,147,0.0,6.763619674403471e-17,7.15728252524637e-17,6.763777143869646e-17
266,ssp370,Sulfur,0.0,0.0,1750,1750,0,0.0,0.0,0.0,0.0
267,ssp370,VOC,0.0,0.0,1750,1750,0,0.0,0.0,0.0,0.0
268,ssp370,Volcanic,0.19246430906353895,0.02870955362407856,1900,1900,0,0.0,0.0,0.0,0.0
269,ssp370,allCH4,1.7303233432993224,0.17344202671704445,2106,2135,29,0.24542295669132422,0.17706140726810068,0.5120296815084145,0.5903034874523422
270,ssp370,ariNH3,6.725174798021247e-05,4.53857835638498e-06,1752,1752,0,0.0,0.12593929678336982,0.20877465253580188,0.2259273338880749
271,ssp370,c-C4F8,0.0015151362536791613,0.0001700958227789499,2239,2239,0,0.31097463511737916,0.08105456802253662,0.18926480204703713,0.2516008558155492
272,ssp370,o3CO,0.03896119773160654,0.04672051334067397,1997,2250,253,0.029445143784349846,0.11724214932870095,0.24906238874455905,0.365852181849172
273,ssp370,o3N2O,0.8956326209566434,0.0892085348923208,2300,2300,0,0.29564834417422736,0.07224856913768316,0.1642271706220615,0.22540960690660156
274,ssp370,o3VOC,0.05615350377351823,0.04235961005720347,1997,2250,253,0.0022246970105347583,0.3219549771132706,0.5508374689521898,0.6257063445531661
275,ssp370,o3ariNOx,0.18680477939951157,0.10836648485845984,1796,2040,244,0.03711743329192035,0.3274701595139103,0.527137393991208,0.5010068133979788
276,ssp434,Aerosol-cloud interactions,0.11580194918386646,0.12013824831914187,1998,2251,253,0.5730410091308169,0.4647866814789878,1.0758888471293817,1.765640629844124
277,ssp434,Aerosol-radiation interactions,0.015194876428141138,0.04083989842506076,1750,2051,301,0.09887995604192397,0.08301390404663472,0.6296428108010891,0.1092433635181149
278,ssp434,BC,0.0,0.0,1750,1750,0,0.0,0.0,0.0,0.0
279,ssp434,C2F6,0.0030390432659077476,0.00034117628927442196,2247,2247,0,0.343588362145652,0.061688667397703865,0.18618078680506947,0.26701487951877345
280,ssp434,C3F8,0.0005501843714354971,6.176610394754452e-05,2238,2238,0,0.40923556966052715,0.0817963609990401,0.23632261982088576,0.3325931878266934
281,ssp434,C4F10,0.00015554738352768711,1.7462429611863428e-05,2236,2236,0,0.31558809607736144,0.05783486208093394,0.17732400078404573,0.25660771897184204
282,ssp434,C5F12,8.625177247596412e-05,9.683001228316311e-06,2238,2238,0,0.20955133715071564,0.034524665389698145,0.11210539519520625,0.1670546593536371
283,ssp434,C6F14,0.0004084104136416856,4.5849939351120686e-05,2240,2240,0,0.4005108559549588,0.07867656309622542,0.2287544107122619,0.3227660483685713
284,ssp434,C7F16,0.00024998821804853705,2.806477076286349e-05,2240,2240,0,0.4416584304934147,0.09081218670271579,0.2565869235232152,0.35746266485080286
285,ssp434,C8F18,0.00012743141831180377,1.4306008382414905e-05,2238,2238,0,0.3334382134682227,0.061504804242736515,0.18660066080533938,0.2685995921730382
286,ssp434,CCl4,0.019015668383982852,0.00213478210399297,1990,1990,0,0.0,7.526341028272392e-17,8.272904832430365e-17,8.053145582781854e-17
287,ssp434,CF4,0.010820487781840844,0.001214755285310157,2249,2249,0,0.24766656162350584,0.056419571322018996,0.14193125104854232,0.19499231676023812
288,ssp434,CFC-11,0.07557394884704917,0.008484262044801669,1992,1992,0,0.0,5.806018570662618e-17,6.479781546713589e-17,8.646484062792975e-17
289,ssp434,CFC-113,0.024052784198344324,0.0027002707567766056,1995,1995,0,0.0,8.204338106211561e-17,2.9354149016974754e-16,3.0984859237403874e-16
290,ssp434,CFC-114,0.0049643099672907285,0.0005573151499514357,2002,2002,0,0.0,6.338384530590578e-17,8.686620862550254e-17,6.176276915442428e-17
291,ssp434,CFC-115,0.002148931386479092,0.0002412484364961095,2051,2051,0,0.0,5.592716980303775e-17,6.698873772544981e-17,7.388853395086084e-17
292,ssp434,CFC-12,0.18540562129616614,0.020814445978461726,2002,2002,0,0.0,6.659269757128456e-17,5.880374492952639e-17,8.2055933804794e-17
293,ssp434,CH2Cl2,0.0010598532847912881,0.00011898376536353501,2015,2015,0,0.38389872114105633,0.777512303672731,1.3320756326982557,1.5436369024740912
294,ssp434,CH3Br,1.5586901448892426e-05,1.7498537310329466e-06,1997,1997,0,0.0,0.7233539254362776,1.4754943838999675,0.18478385689279841
295,ssp434,CH3CCl3,0.008197816150049176,0.0009203226968182977,1991,1991,0,0.0,6.502564145799687e-17,6.774921296633812e-17,7.74037239190936e-17
296,ssp434,CH3Cl,0.0004556546776391987,5.115378706562766e-05,2017,2017,0,0.08361504003091867,0.54595390910643,0.9795117604931567,0.13998855451200673
297,ssp434,CHCl3,0.0007752820703135388,8.703655616155145e-05,1989,1989,0,0.0,0.3835924257557038,0.47524459277899694,3.300175163208149
298,ssp434,CO,0.0,0.0,1750,1750,0,0.0,0.0,0.0,0.0
299,ssp434,CO2,2.6502006244069367,0.21555580309818093,2050,2077,27,0.6319576529614478,0.1434673039898951,0.4870963424257284,0.751141802130843
300,ssp434,CO2 AFOLU,0.0,0.0,1750,1750,0,0.0,0.0,0.0,0.0
301,ssp434,CO2 FFI,0.0,0.0,1750,1750,0,0.0,0.0,0.0,0.0
302,ssp434,Equivalent effective stratospheric chlorine,0.0,0.0,1750,1750,0,0.0,0.0,0.0,0.0
303,ssp434,HCFC-141b,0.004306220707359878,0.00048343517126429647,2026,2026,0,0.0,5.669169599226614e-17,7.365628045564499e-17,6.239280588402992e-17
304,ssp434,HCFC-142b,0.004153612002692433,0.00046630265059455114,2018,2018,0,0.0,8.561183113070764e-17,6.96202165637639e-17,6.697366561222416e-17
305,ssp434,HCFC-22,0.0518995217944262,0.005826467316071708,2021,2021,0,0.0,8.001795399251827e-17,7.94145829991107e-17,6.454513260029232e-17
306,ssp434,HFC-125,0.013247736031980187,0.0014872487902300405,2032,2032,0,0.942376709661283,0.5876708999941318,1.1783000405130095,1.3529011411104324
307,ssp434,HFC-134a,0.017897778818790316,0.0020092829319510535,2023,2023,0,0.5457124458893234,0.5791636662259385,1.3327158290078387,1.4042621275240919
308,ssp434,HFC-143a,0.006790539011175659,0.0007623356100243293,2036,2036,0,1.0142004047748017,0.5405472468088482,1.0709823047578995,1.2715623199561634
309,ssp434,HFC-152a,0.0008179252163807733,9.182386225272043e-05,2012,2012,0,0.026227217193929838,0.8021219731122352,1.4081270342616203,1.4072908998809783
310,ssp434,HFC-227ea,0.0005036189404889197,5.653846500043252e-05,2028,2028,0,0.6250305164207495,0.4795532321623411,1.0061807442893962,1.2611962018269567
311,ssp434,HFC-23,0.0051622337849806625,0.0005795349434094627,2021,2021,0,0.0056674696032143835,0.017469666530554397,0.021290534336827975,0.021290534336827923
312,ssp434,HFC-236fa,7.032226110144996e-05,7.894684608517186e-06,2048,2048,0,1.1654313711774342,0.4599920957134742,0.9159467923106208,1.1050844445941355
313,ssp434,HFC-245fa,0.0008641796706437533,9.701658959717406e-05,2024,2024,0,0.8635455959291489,0.7256688103372942,1.3964224341358733,1.4071504135595911
314,ssp434,HFC-32,0.0015091688609694671,0.00016942589717302775,2018,2018,0,0.00453394507465858,0.5891359947161972,1.3802747214866014,1.3802747214866016
315,ssp434,HFC-365mfc,0.0002671483022283286,2.9991236868093232e-05,2022,2022,0,0.5119429649811074,0.6715491840540717,1.3888816228630463,1.407083300362965
316,ssp434,HFC-4310mee,0.00010423648196428567,1.1702043377448486e-05,2021,2021,0,0.1239363746608477,0.44914186057122163,1.2206439344024729,1.391880151248621
317,ssp434,Halon-1211,0.001242043940609872,0.00013943728525578678,2004,2004,0,0.0,8.875842837117787e-17,7.254485641063304e-17,6.410804765454803e-17
318,ssp434,Halon-1301,0.00094734718565953,0.00010635333859300722,2019,2019,0,0.0,8.888544493339063e-17,7.459481303948269e-17,6.612028101138418e-17
319,ssp434,Halon-2402,0.00014545958751105298,1.6329929508780982e-05,2001,2001,0,0.0,7.492205591671499e-17,8.335214427151005e-17,8.689413778572557e-17
320,ssp434,Land use,1.6670087452283203e-05,0.0004834325361162126,1750,2150,400,0.12446305634100298,0.06304252276429549,0.16561983560026017,0.2425406883066503
321,ssp434,Light absorbing particles on snow and ice,0.11648025703306843,0.07273236171750788,2021,2251,230,0.05567808302505395,0.47394682426526774,1.1455578953052945,1.546973497133808
322,ssp434,NF3,0.003152670941526133,0.0003539326291269177,2218,2218,0,0.6191315075838775,0.21828520857440695,0.42418241962211223,0.5390101734775357
323,ssp434,NH3,0.0,0.0,1750,1750,0,0.0,0.0,0.0,0.0
324,ssp434,NOx,0.0,0.0,1750,1750,0,0.0,0.0,0.0,0.0
325,ssp434,Neg_allCH4,0.0819152593022694,0.007896601696777599,1787,1788,1,0.0,0.17706140726810068,0.5120296815084145,0.5903034874523422
326,ssp434,Neg_ariNH3,0.05730830210033707,0.0038675309916151243,2080,2080,0,0.1956090894452682,0.12593929678336982,0.20877465253580188,0.2259273338880749
327,ssp434,Neg_o3CO,0.021948033959869547,0.029523955854221625,1997,2250,253,0.11783236046863958,0.11724214932870095,0.24906238874455905,0.365852181849172
328,ssp434,Neg_o3N2O,0.029333432031590688,0.0027220216498446107,1851,1851,0,0.0,0.07224856913768316,0.1642271706220615,0.22540960690660156
329,ssp434,Neg_o3VOC,0.008439516157370732,0.009034427055593097,1997,2250,253,0.377041586529246,0.3219549771132706,0.5508374689521898,0.6257063445531661
330,ssp434,Neg_o3ariNOx,0.0032740466026350535,0.014195923778746658,1796,2011,215,0.03163237987028378,0.3274701595139103,0.527137393991208,0.5010068133979788
331,ssp434,OC,0.0,0.0,1750,1750,0,0.0,0.0,0.0,0.0
332,ssp434,SF6,0.032480361248768054,0.003646387417204938,2243,2243,0,0.5536410724357538,0.1615446661705055,0.34841537019945434,0.4588903509830249
333,ssp434,SO2F2,0.0006116080795757553,6.86617980799243e-05,2055,2055,0,0.1370817999603804,0.17098862840671236,0.4306376603111678,0.5718837263634252
334,ssp434,Solar,0.12279141800359498,0.037536098534167554,1811,1958,147,0.0,6.763619674403471e-17,7.15728252524637e-17,6.763777143869646e-17
335,ssp434,Sulfur,0.0,0.0,1750,1750,0,0.0,0.0,0.0,0.0
336,ssp434,VOC,0.0,0.0,1750,1750,0,0.0,0.0,0.0,0.0
337,ssp434,Volcanic,0.19246430906353895,0.02870955362407856,1900,1900,0,0.0,0.0,0.0,0.0
338,ssp434,allCH4,1.3916096770877477,0.13433467926268897,2088,2108,20,0.24542295669132422,0.17706140726810068,0.5120296815084145,0.5903034874523422
339,ssp434,ariNH3,6.725174798021247e-05,4.53857835638498e-06,1752,1752,0,0.0,0.12593929678336982,0.20877465253580188,0.2259273338880749
340,ssp434,c-C4F8,0.0013817183520677706,0.00015511774559749255,2240,2240,0,0.31097463511737916,0.08105456802253662,0.18926480204703713,0.2516008558155492
341,ssp434,o3CO,0.04045601446784388,0.04557552768292298,1997,2250,253,0.029445143784349846,0.11724214932870095,0.24906238874455905,0.365852181849172
342,ssp434,o3N2O,0.6893604474881038,0.06688442696389216,2268,2300,32,0.29564834417422736,0.07224856913768316,0.1642271706220615,0.22540960690660156
343,ssp434,o3VOC,0.056336222636946154,0.04212691878484753,1997,2250,253,0.0022246970105347583,0.3219549771132706,0.5508374689521898,0.6257063445531661
344,ssp434,o3ariNOx,0.17308017408103238,0.10040341940837054,1796,2011,215,0.03711743329192035,0.3274701595139103,0.527137393991208,0.5010068133979788
345,ssp460,Aerosol-cloud interactions,0.1160230191611774,0.11822783559145185,1998,2251,253,0.5730410091308169,0.4647866814789878,1.0758888471293817,1.765640629844124
346,ssp460,Aerosol-radiation interactions,0.01475566017890302,0.04126674881022328,1750,2031,281,0.09887995604192397,0.08301390404663472,0.6296428108010891,0.1092433635181149
347,ssp460,BC,0.0,0.0,1750,1750,0,0.0,0.0,0.0,0.0
348,ssp460,C2F6,0.003428258114468338,0.00038487125053149486,2247,2247,0,0.343588362145652,0.061688667397703865,0.18618078680506947,0.26701487951877345
349,ssp460,C3F8,0.0006307010695599625,7.080526064494959e-05,2238,2238,0,0.40923556966052715,0.0817963609990401,0.23632261982088576,0.3325931878266934
350,ssp460,C4F10,0.0001747980808954224,1.9623597097548117e-05,2235,2235,0,0.31558809607736144,0.05783486208093394,0.17732400078404573,0.25660771897184204
351,ssp460,C5F12,9.410411423238565e-05,1.0564539458661406e-05,2238,2238,0,0.20955133715071564,0.034524665389698145,0.11210539519520625,0.1670546593536371
352,ssp460,C6F14,0.00046713924871675974,5.244309524629958e-05,2239,2239,0,0.4005108559549588,0.07867656309622542,0.2287544107122619,0.3227660483685713
353,ssp460,C7F16,0.00028828173525430404,3.236376849352838e-05,2240,2240,0,0.4416584304934147,0.09081218670271579,0.2565869235232152,0.35746266485080286
354,ssp460,C8F18,0.00014370747708197562,1.6133229928588253e-05,2238,2238,0,0.3334382134682227,0.061504804242736515,0.18660066080533938,0.2685995921730382
355,ssp460,CCl4,0.019015668383982852,0.00213478210399297,1990,1990,0,0.0,7.526341028272392e-17,8.272904832430365e-17,8.053145582781854e-17
356,ssp460,CF4,0.012689731366646868,0.0014246047458849292,2249,2249,0,0.24766656162350584,0.056419571322018996,0.14193125104854232,0.19499231676023812
357,ssp460,CFC-11,0.07557394884704917,0.008484262044801669,1992,1992,0,0.0,5.806018570662618e-17,6.479781546713589e-17,8.646484062792975e-17
358,ssp460,CFC-113,0.024052784198344324,0.0027002707567766056,1995,1995,0,0.0,8.204338106211561e-17,2.9354149016974754e-16,3.0984859237403874e-16
359,ssp460,CFC-114,0.0049643099672907285,0.0005573151499514357,2002,2002,0,0.0,6.338384530590578e-17,8.686620862550254e-17,6.176276915442428e-17
360,ssp460,CFC-115,0.002148931386479092,0.0002412484364961095,2051,2051,0,0.0,5.592716980303775e-17,6.698873772544981e-17,7.388853395086084e-17
361,ssp460,CFC-12,0.18540562129616614,0.020814445978461726,2002,2002,0,0.0,6.659269757128456e-17,5.880374492952639e-17,8.2055933804794e-17
362,ssp460,CH2Cl2,0.001516104935918209,0.00017020457128395195,2031,2031,0,0.38389872114105633,0.777512303672731,1.3320756326982557,1.5436369024740912
363,ssp460,CH3Br,1.5586901448892426e-05,1.7498537310329466e-06,1997,1997,0,0.0,0.7233539254362776,1.4754943838999675,0.18478385689279841
364,ssp460,CH3CCl3,0.008197816150049176,0.0009203226968182977,1991,1991,0,0.0,6.502564145799687e-17,6.774921296633812e-17,7.74037239190936e-17
365,ssp460,CH3Cl,0.0004742261274859255,5.3238699253694106e-05,2051,2051,0,0.08361504003091867,0.54595390910643,0.9795117604931567,0.13998855451200673
366,ssp460,CHCl3,0.0007752820703135388,8.703655616155145e-05,1989,1989,0,0.0,0.3835924257557038,0.47524459277899694,3.300175163208149
367,ssp460,CO,0.0,0.0,1750,1750,0,0.0,0.0,0.0,0.0
368,ssp460,CO2,4.461881320994019,0.6474256896404117,2083,2234,151,0.6319576529614478,0.1434673039898951,0.4870963424257284,0.751141802130843
369,ssp460,CO2 AFOLU,0.0,0.0,1750,1750,0,0.0,0.0,0.0,0.0
370,ssp460,CO2 FFI,0.0,0.0,1750,1750,0,0.0,0.0,0.0,0.0
371,ssp460,Equivalent effective stratospheric chlorine,0.0,0.0,1750,1750,0,0.0,0.0,0.0,0.0
372,ssp460,HCFC-141b,0.004306220707359878,0.00048343517126429647,2026,2026,0,0.0,5.669169599226614e-17,7.365628045564499e-17,6.239280588402992e-17
373,ssp460,HCFC-142b,0.004153612002692433,0.00046630265059455114,2018,2018,0,0.0,8.561183113070764e-17,6.96202165637639e-17,6.697366561222416e-17
374,ssp460,HCFC-22,0.0518995217944262,0.005826467316071708,2021,2021,0,0.0,8.001795399251827e-17,7.94145829991107e-17,6.454513260029232e-17
375,ssp460,HFC-125,0.07704041312862757,0.008648893739109893,2062,2062,0,0.942376709661283,0.5876708999941318,1.1783000405130095,1.3529011411104324
376,ssp460,HFC-134a,0.032425073949206726,0.003640180623139205,2047,2047,0,0.5457124458893234,0.5791636662259385,1.3327158290078387,1.4042621275240919
377,ssp460,HFC-143a,0.039059796836914414,0.004385023633630556,2069,2069,0,1.0142004047748017,0.5405472468088482,1.0709823047578995,1.2715623199561634
378,ssp460,HFC-152a,0.0008179252163807733,9.182386225272043e-05,2012,2012,0,0.026227217193929838,0.8021219731122352,1.4081270342616203,1.4072908998809783
379,ssp460,HFC-227ea,0.0014937321032479855,0.0001676928992335364,2058,2058,0,0.6250305164207495,0.4795532321623411,1.0061807442893962,1.2611962018269567
380,ssp460,HFC-23,0.0051622337849806625,0.0005795349434094627,2021,2021,0,0.0056674696032143835,0.017469666530554397,0.021290534336827975,0.021290534336827923
381,ssp460,HFC-236fa,0.00038791197979639566,4.354869551108464e-05,2085,2085,0,1.1654313711774342,0.4599920957134742,0.9159467923106208,1.1050844445941355
382,ssp460,HFC-245fa,0.003438877334111999,0.0003860634105753015,2052,2052,0,0.8635455959291489,0.7256688103372942,1.3964224341358733,1.4071504135595911
383,ssp460,HFC-32,0.0015091688609694671,0.00016942589717302775,2018,2018,0,0.00453394507465858,0.5891359947161972,1.3802747214866014,1.3802747214866016
384,ssp460,HFC-365mfc,0.0004783402371017685,5.37005671935644e-05,2042,2042,0,0.5119429649811074,0.6715491840540717,1.3888816228630463,1.407083300362965
385,ssp460,HFC-4310mee,0.00012484131069602063,1.4015231572789477e-05,2038,2038,0,0.1239363746608477,0.44914186057122163,1.2206439344024729,1.391880151248621
386,ssp460,Halon-1211,0.001242043940609872,0.00013943728525578678,2004,2004,0,0.0,8.875842837117787e-17,7.254485641063304e-17,6.410804765454803e-17
387,ssp460,Halon-1301,0.00094734718565953,0.00010635333859300722,2019,2019,0,0.0,8.888544493339063e-17,7.459481303948269e-17,6.612028101138418e-17
388,ssp460,Halon-2402,0.00014545958751105298,1.6329929508780982e-05,2001,2001,0,0.0,7.492205591671499e-17,8.335214427151005e-17,8.689413778572557e-17
389,ssp460,Land use,1.4335162868707984e-05,0.0004157197231925314,1750,2077,327,0.12446305634100298,0.06304252276429549,0.16561983560026017,0.2425406883066503
390,ssp460,Light absorbing particles on snow and ice,0.11873178100523561,0.0741490957561613,2031,2251,220,0.05567808302505395,0.47394682426526774,1.1455578953052945,1.546973497133808
391,ssp460,NF3,0.0029734276101070264,0.0003338099887628325,2213,2213,0,0.6191315075838775,0.21828520857440695,0.42418241962211223,0.5390101734775357
392,ssp460,NH3,0.0,0.0,1750,1750,0,0.0,0.0,0.0,0.0
393,ssp460,NOx,0.0,0.0,1750,1750,0,0.0,0.0,0.0,0.0
394,ssp460,Neg_allCH4,0.0819152593022694,0.007896601696777599,1787,1788,1,0.0,0.17706140726810068,0.5120296815084145,0.5903034874523422
395,ssp460,Neg_ariNH3,0.062281016788339846,0.004203121603506548,2100,2100,0,0.1956090894452682,0.12593929678336982,0.20877465253580188,0.2259273338880749
396,ssp460,Neg_o3CO,0.021035319065852074,0.02991969917303727,1997,2250,253,0.11783236046863958,0.11724214932870095,0.24906238874455905,0.365852181849172
397,ssp460,Neg_o3N2O,0.029333432031590688,0.0027220216498446107,1851,1851,0,0.0,0.07224856913768316,0.1642271706220615,0.22540960690660156
398,ssp460,Neg_o3VOC,0.008887491464552378,0.009064573702435968,1997,2250,253,0.377041586529246,0.3219549771132706,0.5508374689521898,0.6257063445531661
399,ssp460,Neg_o3ariNOx,0.0032740466026350535,0.014195923778746658,1796,2011,215,0.03163237987028378,0.3274701595139103,0.527137393991208,0.5010068133979788
400,ssp460,OC,0.0,0.0,1750,1750,0,0.0,0.0,0.0,0.0
401,ssp460,SF6,0.030941142121610397,0.003473587945715014,2242,2242,0,0.5536410724357538,0.1615446661705055,0.34841537019945434,0.4588903509830249
402,ssp460,SO2F2,0.0008901426155725694,9.993130335226238e-05,2073,2073,0,0.1370817999603804,0.17098862840671236,0.4306376603111678,0.5718837263634252
403,ssp460,Solar,0.12279141800359498,0.037536098534167554,1811,1958,147,0.0,6.763619674403471e-17,7.15728252524637e-17,6.763777143869646e-17
404,ssp460,Sulfur,0.0,0.0,1750,1750,0,0.0,0.0,0.0,0.0
405,ssp460,VOC,0.0,0.0,1750,1750,0,0.0,0.0,0.0,0.0
406,ssp460,Volcanic,0.19246430906353895,0.02870955362407856,1900,1900,0,0.0,0.0,0.0,0.0
407,ssp460,allCH4,1.569632736221952,0.1528904727951674,2092,2114,22,0.24542295669132422,0.17706140726810068,0.5120296815084145,0.5903034874523422
408,ssp460,ariNH3,6.725174798021247e-05,4.53857835638498e-06,1752,1752,0,0.0,0.12593929678336982,0.20877465253580188,0.2259273338880749
409,ssp460,c-C4F8,0.0016724645055099555,0.00018775818045572653,2239,2239,0,0.31097463511737916,0.08105456802253662,0.18926480204703713,0.2516008558155492
410,ssp460,o3CO,0.04003028718038993,0.04588939525834689,1997,2250,253,0.029445143784349846,0.11724214932870095,0.24906238874455905,0.365852181849172
411,ssp460,o3N2O,0.721833122416724,0.07059739096370544,2263,2300,37,0.29564834417422736,0.07224856913768316,0.1642271706220615,0.22540960690660156
412,ssp460,o3VOC,0.05635837659031357,0.042099282216677754,1997,2250,253,0.0022246970105347583,0.3219549771132706,0.5508374689521898,0.6257063445531661
413,ssp460,o3ariNOx,0.17308017408103238,0.10040341940837054,1796,2011,215,0.03711743329192035,0.3274701595139103,0.527137393991208,0.5010068133979788
414,ssp534-over,Aerosol-cloud interactions,0.12086561071691303,0.11607028930331897,1998,2251,253,0.5730410091308169,0.4647866814789878,1.0758888471293817,1.765640629844124
415,ssp534-over,Aerosol-radiation interactions,0.015473753347247366,0.040392416231383996,1750,2041,291,0.09887995604192397,0.08301390404663472,0.6296428108010891,0.1092433635181149
416,ssp534-over,BC,0.0,0.0,1750,1750,0,0.0,0.0,0.0,0.0
417,ssp534-over,C2F6,0.0016242922765622979,0.00018235015533715987,2123,2123,0,0.343588362145652,0.061688667397703865,0.18618078680506947,0.26701487951877345
418,ssp534-over,C3F8,0.00026436484025224864,2.9678753252282732e-05,2072,2072,0,0.40923556966052715,0.0817963609990401,0.23632261982088576,0.3325931878266934
419,ssp534-over,C4F10,8.869679253268478e-05,9.957489873973786e-06,2064,2064,0,0.31558809607736144,0.05783486208093394,0.17732400078404573,0.25660771897184204
420,ssp534-over,C5F12,5.918173035716892e-05,6.643999900431565e-06,2062,2062,0,0.20955133715071564,0.034524665389698145,0.11210539519520625,0.1670546593536371
421,ssp534-over,C6F14,0.00019879258978014924,2.2317325612731988e-05,2076,2076,0,0.4005108559549588,0.07867656309622542,0.2287544107122619,0.3227660483685713
422,ssp534-over,C7F16,0.00011283460061511415,1.2667305783857373e-05,2079,2079,0,0.4416584304934147,0.09081218670271579,0.2565869235232152,0.35746266485080286
423,ssp534-over,C8F18,7.016426239483846e-05,7.876946982654276e-06,2068,2068,0,0.3334382134682227,0.061504804242736515,0.18660066080533938,0.2685995921730382
424,ssp534-over,CCl4,0.019015668383982852,0.00213478210399297,1990,1990,0,0.0,7.526341028272392e-17,8.272904832430365e-17,8.053145582781854e-17
425,ssp534-over,CF4,0.007285754311304485,0.0008179306456018845,2242,2242,0,0.24766656162350584,0.056419571322018996,0.14193125104854232,0.19499231676023812
426,ssp534-over,CFC-11,0.07557394884704917,0.008484262044801669,1992,1992,0,0.0,5.806018570662618e-17,6.479781546713589e-17,8.646484062792975e-17
427,ssp534-over,CFC-113,0.024052784198344324,0.0027002707567766056,1995,1995,0,0.0,8.204338106211561e-17,2.9354149016974754e-16,3.0984859237403874e-16
428,ssp534-over,CFC-114,0.0049643099672907285,0.0005573151499514357,2002,2002,0,0.0,6.338384530590578e-17,8.686620862550254e-17,6.176276915442428e-17
429,ssp534-over,CFC-115,0.002148931386479092,0.0002412484364961095,2051,2051,0,0.0,5.592716980303775e-17,6.698873772544981e-17,7.388853395086084e-17
430,ssp534-over,CFC-12,0.18540562129616614,0.020814445978461726,2002,2002,0,0.0,6.659269757128456e-17,5.880374492952639e-17,8.2055933804794e-17
431,ssp534-over,CH2Cl2,0.001572656217746692,0.00017655326552743161,2041,2041,0,0.38389872114105633,0.777512303672731,1.3320756326982557,1.5436369024740912
432,ssp534-over,CH3Br,1.5586901448892426e-05,1.7498537310329466e-06,1997,1997,0,0.0,0.7233539254362776,1.4754943838999675,0.18478385689279841
433,ssp534-over,CH3CCl3,0.008197816150049176,0.0009203226968182977,1991,1991,0,0.0,6.502564145799687e-17,6.774921296633812e-17,7.74037239190936e-17
434,ssp534-over,CH3Cl,0.0005513434950585681,6.18962322352744e-05,2021,2021,0,0.08361504003091867,0.54595390910643,0.9795117604931567,0.13998855451200673
435,ssp534-over,CHCl3,0.0007752820703135388,8.703655616155145e-05,1989,1989,0,0.0,0.3835924257557038,0.47524459277899694,3.300175163208149
436,ssp534-over,CO,0.0,0.0,1750,1750,0,0.0,0.0,0.0,0.0
437,ssp534-over,CO2,3.4680945230686064,0.2897930540071199,2054,2062,8,0.6319576529614478,0.1434673039898951,0.4870963424257284,0.751141802130843
438,ssp534-over,CO2 AFOLU,0.0,0.0,1750,1750,0,0.0,0.0,0.0,0.0
439,ssp534-over,CO2 FFI,0.0,0.0,1750,1750,0,0.0,0.0,0.0,0.0
440,ssp534-over,Equivalent effective stratospheric chlorine,0.0,0.0,1750,1750,0,0.0,0.0,0.0,0.0
441,ssp534-over,HCFC-141b,0.004306220707359878,0.00048343517126429647,2026,2026,0,0.0,5.669169599226614e-17,7.365628045564499e-17,6.239280588402992e-17
442,ssp534-over,HCFC-142b,0.004153612002692433,0.00046630265059455114,2018,2018,0,0.0,8.561183113070764e-17,6.96202165637639e-17,6.697366561222416e-17
443,ssp534-over,HCFC-22,0.0518995217944262,0.005826467316071708,2021,2021,0,0.0,8.001795399251827e-17,7.94145829991107e-17,6.454513260029232e-17
444,ssp534-over,HFC-125,0.07442627576999893,0.008355419245450734,2052,2052,0,0.942376709661283,0.5876708999941318,1.1783000405130095,1.3529011411104324
445,ssp534-over,HFC-134a,0.03594919496429918,0.004035813862182324,2044,2044,0,0.5457124458893234,0.5791636662259385,1.3327158290078387,1.4042621275240919
446,ssp534-over,HFC-143a,0.03544353903964378,0.003979046716429948,2055,2055,0,1.0142004047748017,0.5405472468088482,1.0709823047578995,1.2715623199561634
447,ssp534-over,HFC-152a,0.0008593246775517549,9.647154683777586e-05,2022,2022,0,0.026227217193929838,0.8021219731122352,1.4081270342616203,1.4072908998809783
448,ssp534-over,HFC-227ea,0.0015450920959569374,0.000173458796654667,2051,2051,0,0.6250305164207495,0.4795532321623411,1.0061807442893962,1.2611962018269567
449,ssp534-over,HFC-23,0.005233878187034117,0.0005875780573440651,2026,2026,0,0.0056674696032143835,0.017469666530554397,0.021290534336827975,0.021290534336827923
450,ssp534-over,HFC-236fa,0.00030581845000431627,3.433251679388731e-05,2059,2059,0,1.1654313711774342,0.4599920957134742,0.9159467923106208,1.1050844445941355
451,ssp534-over,HFC-245fa,0.0036330254406921727,0.00040785932618984727,2045,2045,0,0.8635455959291489,0.7256688103372942,1.3964224341358733,1.4071504135595911
452,ssp534-over,HFC-32,0.0015251975164827175,0.00017122534414748056,2018,2018,0,0.00453394507465858,0.5891359947161972,1.3802747214866014,1.3802747214866016
453,ssp534-over,HFC-365mfc,0.0005343791528624151,5.999174098126912e-05,2042,2042,0,0.5119429649811074,0.6715491840540717,1.3888816228630463,1.407083300362965
454,ssp534-over,HFC-4310mee,0.00013917721693091747,1.5624643109465057e-05,2037,2037,0,0.1239363746608477,0.44914186057122163,1.2206439344024729,1.391880151248621
455,ssp534-over,Halon-1211,0.001242043940609872,0.00013943728525578678,2004,2004,0,0.0,8.875842837117787e-17,7.254485641063304e-17,6.410804765454803e-17
456,ssp534-over,Halon-1301,0.00094734718565953,0.00010635333859300722,2019,2019,0,0.0,8.888544493339063e-17,7.459481303948269e-17,6.612028101138418e-17
457,ssp534-over,Halon-2402,0.00014545958751105298,1.6329929508780982e-05,2001,2001,0,0.0,7.492205591671499e-17,8.335214427151005e-17,8.689413778572557e-17
458,ssp534-over,Land use,1.7093516355841166e-05,0.0004957119743193939,1750,2091,341,0.12446305634100298,0.06304252276429549,0.16561983560026017,0.2425406883066503
459,ssp534-over,Light absorbing particles on snow and ice,0.11269047570478773,0.07038060828504884,2015,2251,236,0.05567808302505395,0.47394682426526774,1.1455578953052945,1.546973497133808
460,ssp534-over,NF3,0.0012133443250571228,0.00013621534088673726,2107,2107,0,0.6191315075838775,0.21828520857440695,0.42418241962211223,0.5390101734775357
461,ssp534-over,NH3,0.0,0.0,1750,1750,0,0.0,0.0,0.0,0.0
462,ssp534-over,NOx,0.0,0.0,1750,1750,0,0.0,0.0,0.0,0.0
463,ssp534-over,Neg_allCH4,0.0819152593022694,0.007896601696777599,1787,1788,1,0.0,0.17706140726810068,0.5120296815084145,0.5903034874523422
464,ssp534-over,Neg_ariNH3,0.05384408254140007,0.0036337432852110783,2090,2090,0,0.1956090894452682,0.12593929678336982,0.20877465253580188,0.2259273338880749
465,ssp534-over,Neg_o3CO,0.01946001509713754,0.03068540776785616,1997,2250,253,0.11783236046863958,0.11724214932870095,0.24906238874455905,0.365852181849172
466,ssp534-over,Neg_o3N2O,0.029333432031590688,0.0027220216498446107,1851,1851,0,0.0,0.07224856913768316,0.1642271706220615,0.22540960690660156
467,ssp534-over,Neg_o3VOC,0.0032058869033246657,0.009608787942301987,1764,1997,233,0.377041586529246,0.3219549771132706,0.5508374689521898,0.6257063445531661
468,ssp534-over,Neg_o3ariNOx,0.0034702964884170124,0.01520496205288283,1796,2040,244,0.03163237987028378,0.3274701595139103,0.527137393991208,0.5010068133979788
469,ssp534-over,OC,0.0,0.0,1750,1750,0,0.0,0.0,0.0,0.0
470,ssp534-over,SF6,0.013789267309576535,0.0015480434600160834,2214,2214,0,0.5536410724357538,0.1615446661705055,0.34841537019945434,0.4588903509830249
471,ssp534-over,SO2F2,0.0007470002486099117,8.386151515736155e-05,2043,2043,0,0.1370817999603804,0.17098862840671236,0.4306376603111678,0.5718837263634252
472,ssp534-over,Solar,0.12279141800359498,0.037536098534167554,1811,1958,147,0.0,6.763619674403471e-17,7.15728252524637e-17,6.763777143869646e-17
473,ssp534-over,Sulfur,0.0,0.0,1750,1750,0,0.0,0.0,0.0,0.0
474,ssp534-over,VOC,0.0,0.0,1750,1750,0,0.0,0.0,0.0,0.0
475,ssp534-over,Volcanic,0.19246430906353895,0.02870955362407856,1900,1900,0,0.0,0.0,0.0,0.0
476,ssp534-over,allCH4,1.0842590159890169,0.10463341110701699,2043,2044,1,0.24542295669132422,0.17706140726810068,0.5120296815084145,0.5903034874523422
477,ssp534-over,ariNH3,6.725174798021247e-05,4.53857835638498e-06,1752,1752,0,0.0,0.12593929678336982,0.20877465253580188,0.2259273338880749
478,ssp534-over,c-C4F8,0.0008294309012520194,9.311554076021942e-05,2186,2186,0,0.31097463511737916,0.08105456802253662,0.18926480204703713,0.2516008558155492
479,ssp534-over,o3CO,0.039295501443998265,0.046454150651432276,1997,2250,253,0.029445143784349846,0.11724214932870095,0.24906238874455905,0.365852181849172
480,ssp534-over,o3N2O,0.5566920330156335,0.0532210879065307,2218,2219,1,0.29564834417422736,0.07224856913768316,0.1642271706220615,0.22540960690660156
481,ssp534-over,o3VOC,0.056077401276532476,0.042459006141860864,1764,1997,233,0.0022246970105347583,0.3219549771132706,0.5508374689521898,0.6257063445531661
482,ssp534-over,o3ariNOx,0.18530333636500307,0.10749534219681525,1796,2040,244,0.03711743329192035,0.3274701595139103,0.527137393991208,0.5010068133979788
483,ssp585,Aerosol-cloud interactions,0.07095047423957088,0.07314386538059232,1998,2251,253,0.5730410091308169,0.4647866814789878,1.0758888471293817,1.765640629844124
484,ssp585,Aerosol-radiation interactions,0.01547375332267666,0.04039241621949115,1750,2041,291,0.09887995604192397,0.08301390404663472,0.6296428108010891,0.1092433635181149
485,ssp585,BC,0.0,0.0,1750,1750,0,0.0,0.0,0.0,0.0
486,ssp585,C2F6,0.001915712769470295,0.00021506629449326889,2236,2236,0,0.343588362145652,0.061688667397703865,0.18618078680506947,0.26701487951877345
487,ssp585,C3F8,0.0003165016980681433,3.553186494819071e-05,2209,2209,0,0.40923556966052715,0.0817963609990401,0.23632261982088576,0.3325931878266934
488,ssp585,C4F10,9.986644733978655e-05,1.1211444176735226e-05,2195,2195,0,0.31558809607736144,0.05783486208093394,0.17732400078404573,0.25660771897184204
489,ssp585,C5F12,6.359743324328125e-05,7.139726019938507e-06,2194,2194,0,0.20955133715071564,0.034524665389698145,0.11210539519520625,0.1670546593536371
490,ssp585,C6F14,0.00023796750547604728,2.6715272992981815e-05,2214,2214,0,0.4005108559549588,0.07867656309622542,0.2287544107122619,0.3227660483685713
491,ssp585,C7F16,0.00013891461586867902,1.5595162365647042e-05,2217,2217,0,0.4416584304934147,0.09081218670271579,0.2565869235232152,0.35746266485080286
492,ssp585,C8F18,8.02744420764501e-05,9.011959973869328e-06,2204,2204,0,0.3334382134682227,0.061504804242736515,0.18660066080533938,0.2685995921730382
493,ssp585,CCl4,0.019015668383982852,0.00213478210399297,1990,1990,0,0.0,7.526341028272392e-17,8.272904832430365e-17,8.053145582781854e-17
494,ssp585,CF4,0.011766285626106451,0.0013209346880617332,2249,2249,0,0.24766656162350584,0.056419571322018996,0.14193125104854232,0.19499231676023812
495,ssp585,CFC-11,0.07557394884704917,0.008484262044801669,1992,1992,0,0.0,5.806018570662618e-17,6.479781546713589e-17,8.646484062792975e-17
496,ssp585,CFC-113,0.024052784198344324,0.0027002707567766056,1995,1995,0,0.0,8.204338106211561e-17,2.9354149016974754e-16,3.0984859237403874e-16
497,ssp585,CFC-114,0.0049643099672907285,0.0005573151499514357,2002,2002,0,0.0,6.338384530590578e-17,8.686620862550254e-17,6.176276915442428e-17
498,ssp585,CFC-115,0.002148931386479092,0.0002412484364961095,2051,2051,0,0.0,5.592716980303775e-17,6.698873772544981e-17,7.388853395086084e-17
499,ssp585,CFC-12,0.18540562129616614,0.020814445978461726,2002,2002,0,0.0,6.659269757128456e-17,5.880374492952639e-17,8.2055933804794e-17
500,ssp585,CH2Cl2,0.0029067260261402728,0.0003263217772056648,2091,2091,0,0.38389872114105633,0.777512303672731,1.3320756326982557,1.5436369024740912
501,ssp585,CH3Br,1.5586901448892426e-05,1.7498537310329466e-06,1997,1997,0,0.0,0.7233539254362776,1.4754943838999675,0.18478385689279841
502,ssp585,CH3CCl3,0.008197816150049176,0.0009203226968182977,1991,1991,0,0.0,6.502564145799687e-17,6.774921296633812e-17,7.74037239190936e-17
503,ssp585,CH3Cl,0.0005513434950585681,6.18962322352744e-05,2021,2021,0,0.08361504003091867,0.54595390910643,0.9795117604931567,0.13998855451200673
504,ssp585,CHCl3,0.0007752820703135388,8.703655616155145e-05,1989,1989,0,0.0,0.3835924257557038,0.47524459277899694,3.300175163208149
505,ssp585,CO,0.0,0.0,1750,1750,0,0.0,0.0,0.0,0.0
506,ssp585,CO2,10.566242372685574,1.9135435542583994,2122,2250,128,0.6319576529614478,0.1434673039898951,0.4870963424257284,0.751141802130843
507,ssp585,CO2 AFOLU,0.0,0.0,1750,1750,0,0.0,0.0,0.0,0.0
508,ssp585,CO2 FFI,0.0,0.0,1750,1750,0,0.0,0.0,0.0,0.0
509,ssp585,Equivalent effective stratospheric chlorine,0.0,0.0,1750,1750,0,0.0,0.0,0.0,0.0
510,ssp585,HCFC-141b,0.004306220707359878,0.00048343517126429647,2026,2026,0,0.0,5.669169599226614e-17,7.365628045564499e-17,6.239280588402992e-17
511,ssp585,HCFC-142b,0.004153612002692433,0.00046630265059455114,2018,2018,0,0.0,8.561183113070764e-17,6.96202165637639e-17,6.697366561222416e-17
512,ssp585,HCFC-22,0.0518995217944262,0.005826467316071708,2021,2021,0,0.0,8.001795399251827e-17,7.94145829991107e-17,6.454513260029232e-17
513,ssp585,HFC-125,0.23780316739707025,0.026696823681449825,2114,2114,0,0.942376709661283,0.5876708999941318,1.1783000405130095,1.3529011411104324
514,ssp585,HFC-134a,0.07436972716605315,0.008349070851838076,2103,2103,0,0.5457124458893234,0.5791636662259385,1.3327158290078387,1.4042621275240919
515,ssp585,HFC-143a,0.14058202853507384,0.015782353404547853,2132,2132,0,1.0142004047748017,0.5405472468088482,1.0709823047578995,1.2715623199561634
516,ssp585,HFC-152a,0.0008593246775517549,9.647154683777586e-05,2022,2022,0,0.026227217193929838,0.8021219731122352,1.4081270342616203,1.4072908998809783
517,ssp585,HFC-227ea,0.0030421735554226038,0.0003415277092666982,2099,2099,0,0.6250305164207495,0.4795532321623411,1.0061807442893962,1.2611962018269567
518,ssp585,HFC-23,0.005233878187034117,0.0005875780573440651,2026,2026,0,0.0056674696032143835,0.017469666530554397,0.021290534336827975,0.021290534336827923
519,ssp585,HFC-236fa,0.0021006070063383873,0.00023582333021912897,2192,2192,0,1.1654313711774342,0.4599920957134742,0.9159467923106208,1.1050844445941355
520,ssp585,HFC-245fa,0.01018589025388158,0.001143512591202874,2095,2095,0,0.8635455959291489,0.7256688103372942,1.3964224341358733,1.4071504135595911
521,ssp585,HFC-32,0.0015251975164827175,0.00017122534414748056,2018,2018,0,0.00453394507465858,0.5891359947161972,1.3802747214866014,1.3802747214866016
522,ssp585,HFC-365mfc,0.0010482231762382187,0.00011767811850930712,2099,2099,0,0.5119429649811074,0.6715491840540717,1.3888816228630463,1.407083300362965
523,ssp585,HFC-4310mee,0.00015493027194011112,1.7393149965904015e-05,2088,2088,0,0.1239363746608477,0.44914186057122163,1.2206439344024729,1.391880151248621
524,ssp585,Halon-1211,0.001242043940609872,0.00013943728525578678,2004,2004,0,0.0,8.875842837117787e-17,7.254485641063304e-17,6.410804765454803e-17
525,ssp585,Halon-1301,0.00094734718565953,0.00010635333859300722,2019,2019,0,0.0,8.888544493339063e-17,7.459481303948269e-17,6.612028101138418e-17
526,ssp585,Halon-2402,0.00014545958751105298,1.6329929508780982e-05,2001,2001,0,0.0,7.492205591671499e-17,8.335214427151005e-17,8.689413778572557e-17
527,ssp585,Land use,1.5434867886423943e-05,0.0004476111687062941,1750,2064,314,0.12446305634100298,0.06304252276429549,0.16561983560026017,0.2425406883066503
528,ssp585,Light absorbing particles on snow and ice,0.11266062889434465,0.07042748731484691,2015,2251,236,0.05567808302505395,0.47394682426526774,1.1455578953052945,1.546973497133808
529,ssp585,NF3,0.003871552941343535,0.00043463746669053087,2215,2215,0,0.6191315075838775,0.21828520857440695,0.42418241962211223,0.5390101734775357
530,ssp585,NH3,0.0,0.0,1750,1750,0,0.0,0.0,0.0,0.0
531,ssp585,NOx,0.0,0.0,1750,1750,0,0.0,0.0,0.0,0.0
532,ssp585,Neg_allCH4,0.0819152593022694,0.007896601696777599,1787,1788,1,0.0,0.17706140726810068,0.5120296815084145,0.5903034874523422
533,ssp585,Neg_ariNH3,0.04867584825878255,0.003284957759774381,2070,2070,0,0.1956090894452682,0.12593929678336982,0.20877465253580188,0.2259273338880749
534,ssp585,Neg_o3CO,0.01851900933885827,0.03119007884252119,1997,2250,253,0.11783236046863958,0.11724214932870095,0.24906238874455905,0.365852181849172
535,ssp585,Neg_o3N2O,0.029333432031590688,0.0027220216498446107,1851,1851,0,0.0,0.07224856913768316,0.1642271706220615,0.22540960690660156
536,ssp585,Neg_o3VOC,0.0032058869033246657,0.009608787942301987,1764,1997,233,0.377041586529246,0.3219549771132706,0.5508374689521898,0.6257063445531661
537,ssp585,Neg_o3ariNOx,0.0034702964884170124,0.01520496205288283,1796,2040,244,0.03163237987028378,0.3274701595139103,0.527137393991208,0.5010068133979788
538,ssp585,OC,0.0,0.0,1750,1750,0,0.0,0.0,0.0,0.0
539,ssp585,SF6,0.039427986054210246,0.004426358165559411,2243,2243,0,0.5536410724357538,0.1615446661705055,0.34841537019945434,0.4588903509830249
540,ssp585,SO2F2,0.0007601477792028353,8.533751444672207e-05,2052,2052,0,0.1370817999603804,0.17098862840671236,0.4306376603111678,0.5718837263634252
541,ssp585,Solar,0.12279141800359498,0.037536098534167554,1811,1958,147,0.0,6.763619674403471e-17,7.15728252524637e-17,6.763777143869646e-17
542,ssp585,Sulfur,0.0,0.0,1750,1750,0,0.0,0.0,0.0,0.0
543,ssp585,VOC,0.0,0.0,1750,1750,0,0.0,0.0,0.0,0.0
544,ssp585,Volcanic,0.19246430906353895,0.02870955362407856,1900,1900,0,0.0,0.0,0.0,0.0
545,ssp585,allCH4,1.2964626527657244,0.12691745476473096,2060,2106,46,0.24542295669132422,0.17706140726810068,0.5120296815084145,0.5903034874523422
546,ssp585,ariNH3,6.725174798021247e-05,4.53857835638498e-06,1752,1752,0,0.0,0.12593929678336982,0.20877465253580188,0.2259273338880749
547,ssp585,c-C4F8,0.0015282891741831893,0.0001715724271633053,2239,2239,0,0.31097463511737916,0.08105456802253662,0.18926480204703713,0.2516008558155492
548,ssp585,o3CO,0.0388565781486991,0.04680505697412554,1997,2250,253,0.029445143784349846,0.11724214932870095,0.24906238874455905,0.365852181849172
549,ssp585,o3N2O,0.578213830270556,0.056956441723980684,2231,2257,26,0.29564834417422736,0.07224856913768316,0.1642271706220615,0.22540960690660156
550,ssp585,o3VOC,0.056077401276532476,0.042459006141860864,1764,1997,233,0.0022246970105347583,0.3219549771132706,0.5508374689521898,0.6257063445531661
551,ssp585,o3ariNOx,0.18530333636500307,0.10749534219681525,1796,2040,244,0.03711743329192035,0.3274701595139103,0.527137393991208,0.5010068133979788
